ENV,PostgreSQL 18.4 on aarch64-unknown-linux-musl, compiled by gcc (Alpine 15.2.0) 15.2.0, 64-bit
CONFIG,checkpoint_timeout=1800;default_toast_compression=pglz;fsync=on;full_page_writes=on;max_connections=20;shared_buffers=32768;synchronous_commit=on
METRIC,label,operations,logical_writes,sql_reads,heap_bytes_delta,toast_bytes_delta,index_bytes_delta,wal_bytes,p50_ms,p95_ms,p99_ms
METRIC,tree_1000_initial,1,33,0,24576,0,8192,31160,33.467,33.467,33.467
METRIC,tree_1000_metadata,25,25,0,8192,0,8192,6200,0.789,0.934,2.214
METRIC,tree_1000_single_edit,25,50,75,32768,0,0,36128,3.138,4.988,10.883
METRIC,tree_1000_delete,1,2,3,0,0,0,1416,4.486,4.486,4.486
METRIC,tree_1000_reorder,1,4,6,0,0,0,2432,6.834,6.834,6.834
METRIC,tree_1000_bulk_100,1,200,300,131072,0,0,139776,296.169,296.169,296.169
METRIC,tree_1000_first_page,25,0,125,0,0,0,0,2.740,3.900,5.594
METRIC,tree_1000_historical_page,25,0,125,0,0,0,0,2.720,4.050,4.265
METRIC,delta_1000_32_edits,32,32,0,8192,0,16384,12544,1.392,1.883,5.570
METRIC,delta_1000_checkpoint,1,1,0,0,0,0,3744,1.992,1.992,1.992
METRIC,delta_1000_history_read32,25,0,50,0,0,0,0,1.651,1.944,2.180
METRIC,tree_10000_initial,1,324,0,196608,0,16384,227344,190.849,190.849,190.849
METRIC,tree_10000_metadata,25,25,0,0,0,0,6104,0.805,0.980,1.239
METRIC,tree_10000_single_edit,25,75,125,40960,0,0,44552,5.201,6.620,8.202
METRIC,tree_10000_delete,1,3,5,0,0,0,1752,5.389,5.389,5.389
METRIC,tree_10000_reorder,1,6,10,0,0,0,3232,8.577,8.577,8.577
METRIC,tree_10000_bulk_100,1,300,500,155648,0,8192,174568,456.344,456.344,456.344
METRIC,tree_10000_first_page,25,0,150,0,0,0,0,3.985,5.551,6.934
METRIC,tree_10000_historical_page,25,0,150,0,0,0,0,3.444,4.522,4.678
METRIC,delta_10000_32_edits,32,32,0,0,0,0,12376,1.473,2.111,2.459
METRIC,delta_10000_checkpoint,1,1,0,0,32768,0,35048,8.779,8.779,8.779
METRIC,delta_10000_history_read32,25,0,50,0,0,0,0,3.127,4.557,6.168
METRIC,tree_50000_initial,1,1615,0,1015808,0,40960,1135224,909.007,909.007,909.007
METRIC,tree_50000_metadata,25,25,0,0,0,0,6128,1.350,2.109,2.202
METRIC,tree_50000_single_edit,25,100,175,49152,0,0,58880,6.802,8.896,11.259
METRIC,tree_50000_delete,1,4,7,0,0,0,2344,8.769,8.769,8.769
METRIC,tree_50000_reorder,1,8,14,0,0,0,4056,15.950,15.950,15.950
METRIC,tree_50000_bulk_100,1,400,700,204800,0,8192,231824,588.219,588.219,588.219
METRIC,tree_50000_first_page,25,0,175,0,0,0,0,3.168,3.821,3.918
METRIC,tree_50000_historical_page,25,0,175,0,0,0,0,3.354,3.789,4.003
METRIC,delta_50000_32_edits,32,32,0,0,0,0,12352,1.319,1.615,1.654
METRIC,delta_50000_checkpoint,1,1,0,0,163840,0,174032,40.294,40.294,40.294
METRIC,delta_50000_history_read32,25,0,50,0,0,0,0,9.223,10.987,13.527
METRIC,tree_100000_initial,1,3228,0,2039808,0,73728,2269304,1742.627,1742.627,1742.627
METRIC,tree_100000_metadata,25,25,0,0,0,0,6128,0.774,0.960,1.029
METRIC,tree_100000_single_edit,25,100,175,49152,0,0,59680,5.852,6.649,6.848
METRIC,tree_100000_delete,1,4,7,0,0,0,2376,5.772,5.772,5.772
METRIC,tree_100000_reorder,1,9,15,0,0,0,4232,11.421,11.421,11.421
METRIC,tree_100000_bulk_100,1,400,700,204800,0,8192,235152,548.374,548.374,548.374
METRIC,tree_100000_first_page,25,0,175,0,0,0,0,3.378,4.398,4.816
METRIC,tree_100000_historical_page,25,0,175,0,0,0,0,3.557,4.487,4.862
METRIC,delta_100000_32_edits,32,32,0,8192,0,0,20648,1.329,1.682,1.790
METRIC,delta_100000_checkpoint,1,1,0,0,335872,16384,348568,75.351,75.351,75.351
METRIC,delta_100000_history_read32,25,0,50,0,0,0,0,16.105,18.557,19.735
METRIC,tree_100000_fork_chain,25,50,200,0,0,0,12824,6.099,9.196,9.675
METRIC,rare_pool_prepare_100000,1,10,0,8192,0,8192,1656,6.889,6.889,6.889
METRIC,rare_eligibility_10_of_100000,25,0,25,0,0,0,0,0.590,0.761,1.532
METRIC,tree_long_1000_edits,1000,3000,3000,811008,2727936,131072,3550632,3.998,6.035,8.766
METRIC,tree_long_read_revision_0,25,0,150,0,0,0,0,5.305,9.840,10.012
METRIC,tree_long_read_revision_1,25,0,150,0,0,0,0,4.955,6.494,6.723
METRIC,tree_long_read_revision_31,25,0,150,0,0,0,0,5.018,6.293,6.540
METRIC,tree_long_read_revision_32,25,0,150,0,0,0,0,5.187,6.188,6.363
METRIC,tree_long_read_revision_999,25,0,150,0,0,0,0,4.606,6.989,7.117
METRIC,tree_long_read_revision_1000,25,0,150,0,0,0,0,5.058,6.306,6.595
METRIC,delta_jsonb_head_long_1000_edits,1000,2000,0,73728,291651584,3293184,311399888,8.005,22.111,51.122
METRIC,delta_long_historical_read32,25,0,25,0,0,0,0,22.985,31.079,32.749
METRIC,delta_node_head_long_1000_edits,1000,2000,0,73728,13787136,237568,14064664,1.936,3.804,9.031
METRIC,hot_head_4_writers_4_readers,20,0,0,0,0,0,17912,33.588,60.768,69.684
ROWS,block,1128
ROWS,page,11336
ROWS,revision,149
ROWS,deck,26
ROWS,receipt,21
ROWS,pin,5
ROWS,progress,2
ROWS,delta_checkpoint,70
ROWS,delta,2068
ROWS,delta_head,1
ROWS,delta_head_node,128
ROWS,eligible,10
FINAL_BYTES,heap=6094848,toast=310796288,indexes=4210688
AFTER_VACUUM_DATABASE_BYTES,330110655
